timestamp,latency_s,status
2025-05-10 09:33:15.636256,1.1917767524719238,success
2025-05-10 09:33:16.804929,1.1682829856872559,success
2025-05-10 09:33:17.970868,1.1655116081237793,success
2025-05-10 09:33:19.140601,1.1693851947784424,success
2025-05-10 09:33:20.327582,1.1865074634552002,success
2025-05-10 09:33:21.511169,1.183197021484375,success
2025-05-10 09:33:22.699338,1.187695026397705,success
2025-05-10 09:33:23.878418,1.1785995960235596,success
2025-05-10 09:33:25.041845,1.1629176139831543,success
2025-05-10 09:33:26.219864,1.1776323318481445,success
2025-05-10 09:33:27.405859,1.185657262802124,success
2025-05-10 09:33:28.582158,1.175827980041504,success
2025-05-10 09:33:29.787039,1.204458475112915,success
2025-05-10 09:33:30.960846,1.1734354496002197,success
2025-05-10 09:33:32.139047,1.1778337955474854,success
2025-05-10 09:33:33.316048,1.1765482425689697,success
2025-05-10 09:33:34.490112,1.1737322807312012,success
2025-05-10 09:33:35.674895,1.1844053268432617,success
2025-05-10 09:33:36.855977,1.180699348449707,success
2025-05-10 09:33:38.036846,1.180535078048706,success
2025-05-10 09:33:39.223807,1.1866605281829834,success
2025-05-10 09:33:40.403795,1.1795594692230225,success
2025-05-10 09:33:41.585298,1.1811673641204834,success
2025-05-10 09:33:42.765639,1.1799776554107666,success
2025-05-10 09:33:43.941133,1.175041913986206,success
2025-05-10 09:33:45.123639,1.1821773052215576,success
2025-05-10 09:33:46.295090,1.1711111068725586,success
2025-05-10 09:33:47.468327,1.1728005409240723,success
2025-05-10 09:33:48.664546,1.1958341598510742,success
2025-05-10 09:33:49.854801,1.1898341178894043,success
2025-05-10 09:33:51.033694,1.178290843963623,success
2025-05-10 09:33:52.210002,1.1759543418884277,success
2025-05-10 09:33:53.387570,1.17720365524292,success
2025-05-10 09:33:54.569014,1.181018590927124,success
2025-05-10 09:33:55.761525,1.1921489238739014,success
2025-05-10 09:33:56.943762,1.1818268299102783,success
2025-05-10 09:33:58.120485,1.1762735843658447,success
2025-05-10 09:33:59.298501,1.1772074699401855,success
2025-05-10 09:34:00.472994,1.1740248203277588,success
2025-05-10 09:34:01.654991,1.1815574169158936,success
2025-05-10 09:34:02.838638,1.1831691265106201,success
2025-05-10 09:34:04.026756,1.187737226486206,success
2025-05-10 09:34:05.212204,1.1849896907806396,success
2025-05-10 09:34:06.400677,1.188030481338501,success
2025-05-10 09:34:07.576202,1.1751482486724854,success
2025-05-10 09:34:08.764322,1.1877567768096924,success
2025-05-10 09:34:09.946083,1.1813843250274658,success
2025-05-10 09:34:11.134898,1.1884925365447998,success
2025-05-10 09:34:12.316957,1.18170166015625,success
2025-05-10 09:34:13.493746,1.1762890815734863,success
2025-05-10 09:34:14.668629,1.1744463443756104,success
2025-05-10 09:34:15.855280,1.1861004829406738,success
2025-05-10 09:34:17.035447,1.1797435283660889,success
2025-05-10 09:34:18.221383,1.1852455139160156,success
2025-05-10 09:34:19.407915,1.1862380504608154,success
2025-05-10 09:34:20.592278,1.1839752197265625,success
2025-05-10 09:34:21.773150,1.1803596019744873,success
2025-05-10 09:34:22.952809,1.1792018413543701,success
2025-05-10 09:34:24.124905,1.1713976860046387,success
2025-05-10 09:34:25.307676,1.1823854446411133,success
2025-05-10 09:34:26.494717,1.1865694522857666,success
2025-05-10 09:34:27.679838,1.1847503185272217,success
2025-05-10 09:34:28.862136,1.181931495666504,success
2025-05-10 09:34:30.047789,1.1853008270263672,success
2025-05-10 09:34:31.215422,1.1672241687774658,success
2025-05-10 09:34:32.382350,1.1665284633636475,success
2025-05-10 09:34:33.564251,1.1815071105957031,success
2025-05-10 09:34:34.736150,1.1715223789215088,success
2025-05-10 09:34:35.905628,1.1691362857818604,success
2025-05-10 09:34:37.074230,1.1682419776916504,success
2025-05-10 09:34:38.246392,1.1718857288360596,success
2025-05-10 09:34:39.432780,1.1860675811767578,success
2025-05-10 09:34:40.613222,1.1800920963287354,success
2025-05-10 09:34:41.784033,1.1703581809997559,success
2025-05-10 09:34:42.958285,1.1737892627716064,success
2025-05-10 09:34:44.130625,1.1716523170471191,success
2025-05-10 09:34:45.314417,1.1833155155181885,success
2025-05-10 09:34:46.492649,1.1778655052185059,success
2025-05-10 09:34:47.666925,1.1737737655639648,success
2025-05-10 09:34:48.831410,1.164097547531128,success
2025-05-10 09:34:50.009337,1.177424430847168,success
2025-05-10 09:34:51.184252,1.1742885112762451,success
2025-05-10 09:34:52.349626,1.1649811267852783,success
2025-05-10 09:34:53.540103,1.1899912357330322,success
2025-05-10 09:34:54.725006,1.1844890117645264,success
2025-05-10 09:34:55.890737,1.1652345657348633,success
2025-05-10 09:34:57.066023,1.1746559143066406,success
2025-05-10 09:34:58.242930,1.1764476299285889,success
2025-05-10 09:34:59.420799,1.1774158477783203,success
2025-05-10 09:35:00.599400,1.1782071590423584,success
2025-05-10 09:35:01.771426,1.171692132949829,success
2025-05-10 09:35:02.951245,1.179516315460205,success
2025-05-10 09:35:04.130225,1.1786372661590576,success
2025-05-10 09:35:05.304205,1.1736328601837158,success
2025-05-10 09:35:06.487579,1.1829888820648193,success
2025-05-10 09:35:07.670888,1.1824312210083008,success
2025-05-10 09:35:08.865854,1.1946477890014648,success
2025-05-10 09:35:10.056655,1.1903986930847168,success
2025-05-10 09:35:11.248731,1.1917393207550049,success
2025-05-10 09:35:12.421207,1.1721820831298828,success
